snapshot_date,tier_min,tier_max,holders,shares,pct
2026-04-30,1,999,191466.0,44596344.0,2.05
2026-04-30,1000,5000,117826.0,219778277.0,10.15
2026-04-30,5001,10000,11228.0,85115582.0,3.93
2026-04-30,10001,15000,3313.0,41842046.0,1.93
2026-04-30,15001,20000,1868.0,33835206.0,1.56
2026-04-30,20001,30000,1651.0,41468858.0,1.91
2026-04-30,30001,40000,779.0,27571580.0,1.27
2026-04-30,40001,50000,469.0,21706184.0,1.0
2026-04-30,50001,100000,816.0,57816904.0,2.67
2026-04-30,100001,200000,378.0,53213864.0,2.45
2026-04-30,200001,400000,217.0,62228695.0,2.87
2026-04-30,400001,600000,81.0,39751083.0,1.83
2026-04-30,600001,800000,49.0,33785858.0,1.56
2026-04-30,800001,1000000,43.0,38939032.0,1.79
2026-04-30,1000001,1000000000000,193.0,1363405223.0,62.97
2026-05-08,1,999,187848.0,43758934.0,2.02
2026-05-08,1000,5000,113732.0,212186202.0,9.8
2026-05-08,5001,10000,10867.0,82342503.0,3.8
2026-05-08,10001,15000,3181.0,40198805.0,1.85
2026-05-08,15001,20000,1826.0,33031165.0,1.52
2026-05-08,20001,30000,1610.0,40511038.0,1.87
2026-05-08,30001,40000,743.0,26327873.0,1.21
2026-05-08,40001,50000,456.0,21065922.0,0.97
2026-05-08,50001,100000,781.0,55429962.0,2.56
2026-05-08,100001,200000,368.0,51672388.0,2.38
2026-05-08,200001,400000,220.0,62409308.0,2.88
2026-05-08,400001,600000,81.0,39620133.0,1.82
2026-05-08,600001,800000,50.0,34548592.0,1.59
2026-05-08,800001,1000000,40.0,36028424.0,1.66
2026-05-08,1000001,1000000000000,195.0,1385911747.0,64.01
2026-05-15,1,999,185568.0,43204653.0,1.99
2026-05-15,1000,5000,111910.0,208839197.0,9.64
2026-05-15,5001,10000,10703.0,81117341.0,3.74
2026-05-15,10001,15000,3155.0,39837106.0,1.84
2026-05-15,15001,20000,1790.0,32372287.0,1.49
2026-05-15,20001,30000,1581.0,39714508.0,1.83
2026-05-15,30001,40000,737.0,26100440.0,1.2
2026-05-15,40001,50000,461.0,21232322.0,0.98
2026-05-15,50001,100000,779.0,54990901.0,2.53
2026-05-15,100001,200000,368.0,51618789.0,2.38
2026-05-15,200001,400000,224.0,63797718.0,2.94
2026-05-15,400001,600000,78.0,37938765.0,1.75
2026-05-15,600001,800000,48.0,33378668.0,1.54
2026-05-15,800001,1000000,40.0,36269565.0,1.67
2026-05-15,1000001,1000000000000,197.0,1394630736.0,64.41
2026-05-22,1,999,184814.0,42952258.0,1.98
2026-05-22,1000,5000,111484.0,207563396.0,9.58
2026-05-22,5001,10000,10611.0,80287722.0,3.7
2026-05-22,10001,15000,3156.0,39866310.0,1.84
2026-05-22,15001,20000,1791.0,32466670.0,1.49
2026-05-22,20001,30000,1554.0,38971917.0,1.8
2026-05-22,30001,40000,738.0,26233173.0,1.21
2026-05-22,40001,50000,456.0,21007100.0,0.97
2026-05-22,50001,100000,777.0,55099357.0,2.54
2026-05-22,100001,200000,359.0,50765728.0,2.34
2026-05-22,200001,400000,216.0,61487219.0,2.83
2026-05-22,400001,600000,77.0,37606082.0,1.73
2026-05-22,600001,800000,51.0,35611787.0,1.64
2026-05-22,800001,1000000,36.0,32702613.0,1.51
2026-05-22,1000001,1000000000000,199.0,1402459664.0,64.77
2026-05-29,1,999,182141.0,42325032.0,1.95
2026-05-29,1000,5000,108467.0,201654345.0,9.31
2026-05-29,5001,10000,10241.0,77424747.0,3.57
2026-05-29,10001,15000,3041.0,38378762.0,1.77
2026-05-29,15001,20000,1722.0,31148169.0,1.43
2026-05-29,20001,30000,1470.0,36890570.0,1.7
2026-05-29,30001,40000,717.0,25474353.0,1.17
2026-05-29,40001,50000,443.0,20399253.0,0.94
2026-05-29,50001,100000,732.0,51704751.0,2.38
2026-05-29,100001,200000,345.0,48834125.0,2.25
2026-05-29,200001,400000,216.0,61378869.0,2.83
2026-05-29,400001,600000,78.0,38412419.0,1.77
2026-05-29,600001,800000,45.0,31405594.0,1.45
2026-05-29,800001,1000000,36.0,32415634.0,1.49
2026-05-29,1000001,1000000000000,198.0,1427206373.0,65.92
2026-06-05,1,999,177541.0,41074100.0,1.89
2026-06-05,1000,5000,101147.0,187334335.0,8.65
2026-06-05,5001,10000,9457.0,71421137.0,3.29
2026-06-05,10001,15000,2788.0,35167956.0,1.62
2026-06-05,15001,20000,1585.0,28655553.0,1.32
2026-06-05,20001,30000,1342.0,33737027.0,1.55
2026-06-05,30001,40000,659.0,23419771.0,1.08
2026-06-05,40001,50000,414.0,19063303.0,0.88
2026-06-05,50001,100000,707.0,50166130.0,2.31
2026-06-05,100001,200000,314.0,44413789.0,2.05
2026-06-05,200001,400000,213.0,60520251.0,2.79
2026-06-05,400001,600000,71.0,34971157.0,1.61
2026-06-05,600001,800000,49.0,34144542.0,1.57
2026-06-05,800001,1000000,35.0,31535930.0,1.45
2026-06-05,1000001,1000000000000,191.0,1469418015.0,67.87
2026-06-12,1,999,177149.0,40885115.0,1.88
2026-06-12,1000,5000,102201.0,189193195.0,8.73
2026-06-12,5001,10000,9483.0,71579182.0,3.3
2026-06-12,10001,15000,2848.0,35941853.0,1.66
2026-06-12,15001,20000,1576.0,28453974.0,1.31
2026-06-12,20001,30000,1355.0,34151101.0,1.57
2026-06-12,30001,40000,674.0,23948133.0,1.1
2026-06-12,40001,50000,408.0,18834821.0,0.86
2026-06-12,50001,100000,676.0,47698989.0,2.2
2026-06-12,100001,200000,306.0,43325944.0,2.0
2026-06-12,200001,400000,197.0,55622015.0,2.56
2026-06-12,400001,600000,74.0,36066107.0,1.66
2026-06-12,600001,800000,48.0,33944740.0,1.56
2026-06-12,800001,1000000,37.0,33131989.0,1.53
2026-06-12,1000001,1000000000000,188.0,1472267838.0,68.0
2026-06-18,1,999,181203.0,41570429.0,1.92
2026-06-18,1000,5000,112056.0,206946017.0,9.55
2026-06-18,5001,10000,10334.0,78234305.0,3.61
2026-06-18,10001,15000,3056.0,38473563.0,1.77
2026-06-18,15001,20000,1709.0,30958109.0,1.42
2026-06-18,20001,30000,1426.0,35882149.0,1.65
2026-06-18,30001,40000,679.0,24169827.0,1.11
2026-06-18,40001,50000,407.0,18707137.0,0.86
2026-06-18,50001,100000,729.0,51672153.0,2.38
2026-06-18,100001,200000,309.0,44392554.0,2.05
2026-06-18,200001,400000,187.0,52931327.0,2.44
2026-06-18,400001,600000,76.0,37334731.0,1.72
2026-06-18,600001,800000,46.0,32287613.0,1.49
2026-06-18,800001,1000000,37.0,33074633.0,1.52
2026-06-18,1000001,1000000000000,181.0,1438410743.0,66.43
2026-06-26,1,999,184847.0,42543616.0,1.96
2026-06-26,1000,5000,117308.0,218320052.0,10.08
2026-06-26,5001,10000,10865.0,82188317.0,3.79
2026-06-26,10001,15000,3151.0,39723361.0,1.83
2026-06-26,15001,20000,1789.0,32419380.0,1.49
2026-06-26,20001,30000,1495.0,37501403.0,1.73
2026-06-26,30001,40000,698.0,24804457.0,1.14
2026-06-26,40001,50000,419.0,19241623.0,0.88
2026-06-26,50001,100000,734.0,51829397.0,2.39
2026-06-26,100001,200000,323.0,46550755.0,2.15
2026-06-26,200001,400000,193.0,54759397.0,2.52
2026-06-26,400001,600000,79.0,38938271.0,1.79
2026-06-26,600001,800000,44.0,30959673.0,1.42
2026-06-26,800001,1000000,37.0,33289419.0,1.53
2026-06-26,1000001,1000000000000,183.0,1411975875.0,65.21
2026-07-03,1,999,185765.0,42789350.0,1.97
2026-07-03,1000,5000,119278.0,222483270.0,10.27
2026-07-03,5001,10000,11073.0,83720919.0,3.86
2026-07-03,10001,15000,3236.0,40828111.0,1.88
2026-07-03,15001,20000,1849.0,33536960.0,1.54
2026-07-03,20001,30000,1543.0,38760101.0,1.79
2026-07-03,30001,40000,720.0,25582454.0,1.18
2026-07-03,40001,50000,434.0,19959003.0,0.92
2026-07-03,50001,100000,774.0,54197921.0,2.5
2026-07-03,100001,200000,329.0,46846229.0,2.16
2026-07-03,200001,400000,188.0,52974948.0,2.44
2026-07-03,400001,600000,85.0,41805805.0,1.93
2026-07-03,600001,800000,40.0,28153879.0,1.3
2026-07-03,800001,1000000,40.0,36105108.0,1.66
2026-07-03,1000001,1000000000000,179.0,1397303938.0,64.53
2026-07-09,1,999,184522.0,42439537.0,1.96
2026-07-09,1000,5000,115241.0,214629705.0,9.91
2026-07-09,5001,10000,10787.0,81522559.0,3.76
2026-07-09,10001,15000,3122.0,39476886.0,1.82
2026-07-09,15001,20000,1813.0,32899532.0,1.51
2026-07-09,20001,30000,1504.0,37782105.0,1.74
2026-07-09,30001,40000,696.0,24659196.0,1.13
2026-07-09,40001,50000,419.0,19211337.0,0.88
2026-07-09,50001,100000,749.0,52885509.0,2.44
2026-07-09,100001,200000,327.0,46694617.0,2.15
2026-07-09,200001,400000,187.0,53064428.0,2.45
2026-07-09,400001,600000,78.0,38452901.0,1.77
2026-07-09,600001,800000,40.0,28047002.0,1.29
2026-07-09,800001,1000000,44.0,40220592.0,1.85
2026-07-09,1000001,1000000000000,182.0,1413057090.0,65.26
2026-07-17,1,999,182314.0,41872557.0,1.93
2026-07-17,1000,5000,111975.0,208802000.0,9.64
2026-07-17,5001,10000,10514.0,79417524.0,3.66
2026-07-17,10001,15000,3096.0,39134081.0,1.8
2026-07-17,15001,20000,1782.0,32319541.0,1.49
2026-07-17,20001,30000,1485.0,37312311.0,1.72
2026-07-17,30001,40000,691.0,24500317.0,1.13
2026-07-17,40001,50000,418.0,19160179.0,0.88
2026-07-17,50001,100000,759.0,53248870.0,2.45
2026-07-17,100001,200000,341.0,48451921.0,2.23
2026-07-17,200001,400000,183.0,52119247.0,2.4
2026-07-17,400001,600000,81.0,39689983.0,1.83
2026-07-17,600001,800000,39.0,27660032.0,1.27
2026-07-17,800001,1000000,37.0,33650521.0,1.55
2026-07-17,1000001,1000000000000,188.0,1427703912.0,65.94
